{
  "state_vars": [
    "paddle_y",
    "ball_x",
    "ball_y",
    "ball_vx",
    "ball_vy"
  ],
  "actions": [
    "UP",
    "DOWN",
    "STAY"
  ],
  "alpha": 0.003,
  "gamma": 0.99,
  "W": [
    [
      -0.03840514950057668,
      -0.11652607359678047,
      -0.028141381383270565,
      -0.028063485886923097,
      0.01428714969235941
    ],
    [
      0.06785224320574187,
      0.1433063994843916,
      0.08213509670819985,
      0.02580402909465588,
      0.034322980016530585
    ],
    [
      0.008332001715198293,
      -0.021314198157149095,
      -0.0793924045946188,
      -0.0008927968543369718,
      -0.03316760192205472
    ]
  ],
  "b": [
    0.08482406686817909,
    -0.2160759019678389,
    0.13125183509965982
  ]
}