{
  "state_vars": [
    "paddleA_y",
    "paddleB_y",
    "ball_x",
    "ball_y",
    "ball_vx",
    "ball_vy"
  ],
  "actions": [
    "UP",
    "DOWN",
    "STAY"
  ],
  "alpha": 0.005,
  "gamma": 0.99,
  "W": [
    [
      0.028330681834788388,
      0.02214360113590554,
      0.09570425988282054,
      0.012435076184288525,
      0.0370624627073032,
      0.008417259332818701
    ],
    [
      0.013989167186167072,
      -0.00041961815925090117,
      0.004490118963667598,
      0.019324044393197612,
      0.0015450568833766361,
      -0.03916063818247544
    ],
    [
      -0.03857626734953201,
      -0.044481941685365775,
      -0.07909454052128344,
      -0.04581564617395919,
      -0.02114170714847219,
      0.023885598688318993
    ]
  ],
  "b": [
    0.016094673557557303,
    0.06180479888091024,
    -0.07789947243846768
  ]
}