{
  "state_vars": [
    "paddle_y",
    "ball_x",
    "ball_y",
    "ball_vx",
    "ball_vy"
  ],
  "actions": [
    "UP",
    "DOWN",
    "STAY"
  ],
  "alpha": 0.003,
  "gamma": 0.99,
  "W": [
    [
      -0.01044558139133541,
      -0.06824646341325302,
      -0.03491918415984513,
      -0.010291921423270812,
      0.01927054869624337
    ],
    [
      0.029053296508173128,
      0.10128290900048824,
      0.08189467547484573,
      0.004933210966988336,
      0.026716432032129762
    ],
    [
      0.019171380303525807,
      -0.027570317856773163,
      -0.07237418058469013,
      0.0022064568096782904,
      -0.030544452941537858
    ]
  ],
  "b": [
    0.038258332259767346,
    -0.1555102661797439,
    0.1172519339199765
  ]
}