{
  "state_vars": [
    "paddle_y",
    "ball_x",
    "ball_y",
    "ball_vx",
    "ball_vy"
  ],
  "actions": [
    "UP",
    "DOWN",
    "STAY"
  ],
  "alpha": 0.003,
  "gamma": 0.99,
  "W": [
    [
      2.6784677552892484,
      -0.653456030033076,
      -2.2440060916778934,
      -0.08331776117926112,
      -2.3835342270188202
    ],
    [
      -2.189320987837896,
      0.6003284218657116,
      2.256376583136585,
      0.3036904149798151,
      2.7614236722286054
    ],
    [
      -0.4513676720309882,
      0.058593735897827265,
      -0.03776918072837612,
      -0.22352490744715509,
      -0.36244691742294743
    ]
  ],
  "b": [
    -0.16831388064519717,
    0.9253110499402806,
    -0.7569971692950793
  ]
}