{
  "state_vars": [
    "paddle_y",
    "ball_x",
    "ball_y",
    "ball_vx",
    "ball_vy"
  ],
  "actions": [
    "UP",
    "DOWN",
    "STAY"
  ],
  "alpha": 0.003,
  "gamma": 0.99,
  "W": [
    [
      0.031217378819110433,
      -0.2344832804331201,
      -0.1991652329046164,
      -0.043618619279442314,
      0.02312279052398138
    ],
    [
      0.09274026513487502,
      0.17835303999788,
      0.09509096352941462,
      0.03894183501479591,
      0.02050585561055145
    ],
    [
      -0.08617854853362206,
      0.06159636816570207,
      0.07867558010551234,
      0.0015245306180422247,
      -0.028186118347697547
    ]
  ],
  "b": [
    -0.08663417446782037,
    -0.21103075971445495,
    0.29766493418227535
  ]
}