{
  "state_vars": [
    "paddle_y",
    "ball_x",
    "ball_y",
    "ball_vx",
    "ball_vy"
  ],
  "actions": [
    "UP",
    "DOWN",
    "STAY"
  ],
  "alpha": 0.0001,
  "gamma": 0.99,
  "W": [
    [
      7.259839168405006,
      -0.70977317755492,
      -6.461992972605919,
      -0.6329001175833202,
      -7.48150017246293
    ],
    [
      -6.465201334643207,
      -0.9320036817638312,
      6.875230290082606,
      1.2507419468760126,
      8.230378821330053
    ],
    [
      -0.7568587383413847,
      1.6472429870492094,
      -0.43863600674635983,
      -0.6209940829393162,
      -0.7334361210802267
    ]
  ],
  "b": [
    0.6106761978986197,
    0.9853190593020515,
    -1.5959952572006881
  ]
}