{
  "state_vars": [
    "paddle_y",
    "ball_x",
    "ball_y",
    "ball_vx",
    "ball_vy"
  ],
  "actions": [
    "UP",
    "DOWN",
    "STAY"
  ],
  "alpha": 0.001,
  "gamma": 0.99,
  "W": [
    [
      7.259557357572274,
      -0.710742391857108,
      -6.462529667240634,
      -0.633432000911501,
      -7.481052235739507
    ],
    [
      -6.464956768461604,
      -0.9312769175657227,
      6.875770486456336,
      1.2510314341263573,
      8.230022624674511
    ],
    [
      -0.756821493690256,
      1.647485437153289,
      -0.438639508485374,
      -0.6207516868614802,
      -0.7335278611481074
    ]
  ],
  "b": [
    0.6120909339126229,
    0.983115896646598,
    -1.595206830559238
  ]
}