{
  "state_vars": [
    "paddle_y",
    "ball_x",
    "ball_y",
    "ball_vx",
    "ball_vy"
  ],
  "actions": [
    "UP",
    "DOWN",
    "STAY"
  ],
  "alpha": 0.001,
  "gamma": 0.99,
  "hidden_sizes": [
    1,
    1
  ],
  "params": {
    "W0": [
      [
        -0.2133873999118805,
        0.770534336566925,
        1.0837492942810059,
        -0.3107931911945343,
        -1.0767769813537598
      ]
    ],
    "W1": [
      [
        1.7230714559555054
      ]
    ],
    "W2": [
      [
        1.7841466665267944
      ],
      [
        -0.2557435929775238
      ],
      [
        -0.387739360332489
      ]
    ],
    "b0": [
      0.03986462950706482
    ],
    "b1": [
      0.06581885367631912
    ],
    "b2": [
      0.039871230721473694,
      -0.0227561816573143,
      -0.017115045338869095
    ]
  }
}