{
  "((1, 1, 2, 1, 1, 1), 'STAY')": 0.27155200767741045,
  "((1, 1, 2, 1, 1, 1), 'DOWN')": 0.2953125658780933,
  "((1, 1, 2, 1, 1, 1), 'UP')": 0.26581553924312834,
  "((2, 1, 2, 1, 1, 1), 'UP')": 0.29517057634708066,
  "((2, 1, 2, 1, 1, 1), 'STAY')": 0.26407234297736343,
  "((1, 1, 2, 2, 1, 1), 'UP')": 0.17157137743866424,
  "((1, 1, 2, 2, 1, 1), 'STAY')": 0.4608463152820654,
  "((1, 2, 2, 2, 1, 1), 'UP')": 0.4595616672947814,
  "((1, 2, 2, 2, 1, 1), 'STAY')": 0.46273307721262347,
  "((1, 2, 2, 2, 1, 1), 'DOWN')": 0.4790833194915837,
  "((1, 2, 3, 2, 1, 1), 'DOWN')": 0.26197765462827166,
  "((1, 2, 3, 2, 1, 1), 'STAY')": 0.30934736616862274,
  "((1, 2, 3, 2, 1, 1), 'UP')": 0.2828680608640818,
  "((2, 2, 2, 2, 1, 1), 'UP')": 0.4702411423372894,
  "((2, 2, 2, 2, 1, 1), 'STAY')": 0.46534997835333974,
  "((2, 2, 2, 2, 1, 1), 'DOWN')": 0.4682890390147349,
  "((1, 2, 2, 1, 1, 1), 'STAY')": 0.24105023559326375,
  "((1, 2, 2, 1, 1, 1), 'UP')": 0.16964973085152732,
  "((1, 2, 2, 1, 1, 1), 'DOWN')": 0.2856140078840045,
  "((1, 1, 2, 2, 1, 1), 'DOWN')": 0.11416741822193,
  "((2, 2, 3, 2, 1, 1), 'DOWN')": 0.2045589245935662,
  "((2, 2, 3, 2, 1, 1), 'UP')": 0.2459067711839166,
  "((2, 2, 3, 2, 1, 1), 'STAY')": 0.19988805912053556,
  "((2, 2, 2, 1, 1, 1), 'UP')": 0.3039019447090479,
  "((2, 1, 2, 1, 1, 1), 'DOWN')": 0.26406872693715233,
  "((2, 1, 3, 1, 1, 1), 'STAY')": 0.16311772472213032,
  "((2, 1, 3, 1, 1, 1), 'DOWN')": 0.17959990541008897,
  "((2, 1, 3, 1, 1, 1), 'UP')": 0.1677515143386055,
  "((2, 1, 2, 2, 1, 1), 'DOWN')": 0.2458572938353061,
  "((2, 1, 2, 2, 1, 1), 'STAY')": 0.49674806956806244,
  "((2, 2, 2, 1, 1, 1), 'STAY')": 0.3022060921522471,
  "((2, 2, 2, 1, 1, 1), 'DOWN')": 0.3042257793402614,
  "((1, 1, 3, 1, 1, 1), 'UP')": 0.09428366794663975,
  "((1, 1, 3, 1, 1, 1), 'STAY')": 0.12032544410367986,
  "((1, 1, 3, 1, 1, 1), 'DOWN')": 0.15719653726515745,
  "((2, 1, 3, 2, 1, 1), 'UP')": 0.02639612854684332,
  "((2, 1, 3, 2, 1, 1), 'STAY')": 0.052453969310545905,
  "((2, 1, 2, 2, 1, 1), 'UP')": 0.109217503689398,
  "((2, 1, 3, 2, 1, 1), 'DOWN')": 0.029400995522394606,
  "((2, 2, 3, 1, 1, 1), 'UP')": 0.0,
  "((2, 2, 3, 1, 1, 1), 'DOWN')": 0.014912049573564845,
  "((2, 2, 1, 2, 1, 1), 'DOWN')": 0.025679714573395573,
  "((1, 2, 3, 1, 1, 1), 'UP')": 0.0,
  "((1, 2, 3, 1, 1, 1), 'DOWN')": 0.019390828966943937,
  "((1, 2, 3, 1, 1, 1), 'STAY')": 0.0
}