{
  "((2, 2, 2, 2, 1, 1), 'STAY')": -0.45413819204866324,
  "((2, 2, 2, 2, 1, 1), 'DOWN')": -0.4656356577889196,
  "((2, 2, 2, 2, 1, 1), 'UP')": -0.17396350392015308,
  "((2, 2, 2, 2, 1, 2), 'UP')": -0.48278085162367623,
  "((2, 2, 2, 2, 1, 2), 'DOWN')": -0.3669170967272623,
  "((2, 2, 2, 2, 1, 2), 'STAY')": -0.47754519801289236,
  "((2, 2, 3, 2, 1, 2), 'STAY')": -0.22738704455597009,
  "((2, 2, 3, 2, 1, 2), 'UP')": -0.23574668143819885,
  "((2, 2, 3, 2, 1, 2), 'DOWN')": -0.19963196740329428,
  "((2, 2, 3, 2, 1, 1), 'STAY')": -0.2506664172324578,
  "((2, 2, 3, 2, 1, 1), 'UP')": -0.2515949281399583,
  "((2, 2, 3, 2, 1, 1), 'DOWN')": -0.1905797991277789,
  "((2, 2, 2, 2, 2, 1), 'UP')": 0.07824328852781148,
  "((2, 2, 2, 2, 2, 1), 'STAY')": 0.07819371161901506,
  "((2, 2, 2, 2, 2, 1), 'DOWN')": 0.08324090421556234,
  "((2, 2, 2, 2, 2, 2), 'UP')": 0.08375301783349108,
  "((2, 2, 2, 2, 2, 2), 'DOWN')": 0.08370135172950242,
  "((2, 2, 2, 2, 2, 2), 'STAY')": 0.1003823705844,
  "((2, 2, 3, 2, 2, 2), 'UP')": 0.10936235276304627,
  "((2, 2, 3, 2, 2, 2), 'STAY')": 0.10939242674692579,
  "((2, 2, 3, 2, 2, 2), 'DOWN')": 0.14852719522197264,
  "((2, 2, 3, 3, 2, 2), 'STAY')": 0.13038926277305743,
  "((2, 2, 3, 3, 2, 2), 'UP')": 0.1508978355907032,
  "((2, 2, 3, 3, 2, 2), 'DOWN')": 0.13033458342790477,
  "((2, 2, 3, 3, 2, 1), 'UP')": 0.12763813644416527,
  "((2, 2, 3, 3, 2, 1), 'DOWN')": 0.1311805506431361,
  "((2, 2, 3, 3, 2, 1), 'STAY')": 0.12697592017590834,
  "((2, 2, 3, 2, 2, 1), 'DOWN')": 0.12069739888905817,
  "((2, 2, 3, 2, 2, 1), 'UP')": 0.1011100496518555,
  "((2, 2, 3, 2, 2, 1), 'STAY')": 0.10106965286031461,
  "((2, 2, 4, 3, 2, 2), 'UP')": 0.3567421268055034,
  "((2, 2, 4, 3, 2, 2), 'DOWN')": 0.35910814075425457,
  "((2, 2, 4, 3, 2, 2), 'STAY')": 0.3068354012543701,
  "((2, 2, 4, 3, 2, 1), 'STAY')": 0.3285316481266788,
  "((2, 2, 4, 3, 2, 1), 'UP')": 0.32718883788220154,
  "((2, 2, 4, 3, 2, 1), 'DOWN')": 0.3486558557993984,
  "((3, 2, 2, 2, 1, 1), 'DOWN')": -0.4927625130661344,
  "((3, 2, 2, 2, 1, 1), 'STAY')": -0.47479763055123225,
  "((3, 2, 2, 2, 1, 1), 'UP')": -0.2666942664744139,
  "((3, 2, 3, 2, 1, 2), 'DOWN')": -0.2332026945247894,
  "((3, 2, 3, 2, 1, 2), 'STAY')": -0.1300996074034156,
  "((3, 2, 3, 2, 1, 2), 'UP')": -0.239033096253483,
  "((3, 2, 3, 3, 1, 2), 'STAY')": -0.02229797942547445,
  "((3, 2, 3, 3, 1, 2), 'DOWN')": -0.07144495556453632,
  "((3, 2, 3, 3, 1, 2), 'UP')": -0.08779177971877292,
  "((3, 2, 2, 3, 1, 2), 'STAY')": -0.14602150210768483,
  "((3, 2, 2, 3, 1, 2), 'DOWN')": 0.024705000204706666,
  "((3, 2, 2, 3, 1, 2), 'UP')": -0.13221712362928031,
  "((3, 2, 2, 3, 1, 1), 'DOWN')": -0.24013043956941127,
  "((3, 2, 2, 3, 1, 1), 'UP')": -0.24477606117230363,
  "((3, 2, 2, 3, 1, 1), 'STAY')": -0.0758868924702259,
  "((2, 2, 4, 2, 2, 2), 'DOWN')": 0.1726677698170067,
  "((2, 2, 4, 2, 2, 2), 'UP')": 0.18213041429130544,
  "((2, 2, 4, 2, 2, 2), 'STAY')": 0.355341878009949,
  "((3, 2, 3, 2, 1, 1), 'STAY')": -0.24766481201584695,
  "((3, 2, 3, 2, 1, 1), 'UP')": -0.18175629602363758,
  "((2, 2, 2, 3, 1, 2), 'STAY')": -0.4289212778395985,
  "((2, 2, 2, 3, 1, 2), 'DOWN')": -0.01172289645989848,
  "((2, 2, 2, 3, 1, 2), 'UP')": -0.4392191379069845,
  "((2, 2, 2, 3, 2, 2), 'STAY')": 0.10385353745435101,
  "((2, 2, 2, 3, 2, 2), 'UP')": 0.10641560549960322,
  "((2, 2, 4, 2, 2, 1), 'STAY')": 0.1719546473887866,
  "((2, 2, 4, 2, 2, 1), 'UP')": 0.25068777551292554,
  "((2, 2, 4, 2, 2, 1), 'DOWN')": 0.18955174088883675,
  "((2, 2, 3, 3, 1, 2), 'STAY')": -0.0952516862873905,
  "((2, 2, 3, 3, 1, 2), 'UP')": -0.12351112228823474,
  "((2, 2, 3, 3, 1, 2), 'DOWN')": -0.11681598692636702,
  "((2, 2, 2, 3, 1, 1), 'UP')": -0.37476674590914927,
  "((2, 2, 2, 3, 1, 1), 'DOWN')": -0.45972835890689495,
  "((2, 2, 2, 3, 1, 1), 'STAY')": -0.44737599060881206,
  "((3, 2, 3, 2, 2, 2), 'DOWN')": 0.12074630788996028,
  "((3, 2, 3, 2, 2, 2), 'UP')": 0.14517357153704466,
  "((3, 2, 3, 2, 2, 2), 'STAY')": 0.1207770402823212,
  "((3, 2, 3, 3, 2, 2), 'DOWN')": 0.13272731274004204,
  "((3, 2, 3, 3, 2, 2), 'STAY')": 0.13254387376845864,
  "((3, 2, 3, 3, 2, 2), 'UP')": 0.13269425799556223,
  "((3, 2, 3, 3, 2, 1), 'UP')": 0.1304514491195277,
  "((3, 2, 3, 3, 2, 1), 'DOWN')": 0.12621701160850463,
  "((3, 2, 3, 3, 2, 1), 'STAY')": 0.1262154315026543,
  "((3, 2, 3, 2, 2, 1), 'UP')": 0.10302932271994403,
  "((3, 2, 3, 2, 2, 1), 'STAY')": 0.11485805206938679,
  "((3, 2, 4, 2, 2, 1), 'DOWN')": 0.2069806363431271,
  "((3, 2, 4, 2, 2, 1), 'UP')": 0.27049129250518233,
  "((3, 2, 4, 2, 2, 1), 'STAY')": 0.22999372916246083,
  "((3, 2, 4, 2, 1, 2), 'STAY')": -0.08522785009352683,
  "((3, 2, 4, 2, 1, 2), 'DOWN')": -0.09286929023550364,
  "((3, 2, 4, 2, 1, 2), 'UP')": -0.08838418884311496,
  "((3, 2, 2, 2, 2, 2), 'UP')": 0.09775924075214149,
  "((3, 2, 2, 2, 2, 2), 'DOWN')": 0.0323477228961216,
  "((3, 2, 2, 2, 2, 2), 'STAY')": 0.008165358627559892,
  "((3, 2, 3, 2, 2, 1), 'DOWN')": 0.10303685443911115,
  "((3, 2, 4, 2, 2, 2), 'UP')": 0.18982917787465453,
  "((3, 2, 4, 2, 2, 2), 'STAY')": 0.21865495640074828,
  "((3, 2, 4, 2, 2, 2), 'DOWN')": 0.19813549016923054,
  "((3, 2, 2, 2, 1, 2), 'STAY')": -0.20327684014166136,
  "((3, 2, 2, 2, 1, 2), 'DOWN')": -0.4592595952309789,
  "((3, 2, 2, 2, 1, 2), 'UP')": -0.4558394052999464,
  "((3, 2, 2, 3, 2, 2), 'DOWN')": 0.09299851597708045,
  "((3, 2, 2, 3, 2, 2), 'STAY')": 0.09280503100760282,
  "((3, 2, 2, 3, 2, 2), 'UP')": 0.09302717405191231,
  "((3, 2, 2, 3, 2, 1), 'STAY')": 0.0843089920130665,
  "((3, 2, 2, 3, 2, 1), 'DOWN')": 0.08434467018154276,
  "((3, 2, 2, 3, 2, 1), 'UP')": 0.08986677784798418,
  "((3, 2, 3, 2, 1, 1), 'DOWN')": -0.2532440422653992,
  "((3, 2, 2, 2, 2, 1), 'DOWN')": 0.07835831461117301,
  "((3, 2, 2, 2, 2, 1), 'STAY')": 0.07833668808358736,
  "((3, 2, 2, 2, 2, 1), 'UP')": 0.08880212847352983,
  "((2, 2, 2, 3, 2, 2), 'DOWN')": 0.10404280200450612,
  "((2, 2, 2, 3, 2, 1), 'UP')": 0.09237827038420383,
  "((2, 2, 2, 3, 2, 1), 'DOWN')": 0.09344074938996427,
  "((2, 2, 2, 3, 2, 1), 'STAY')": 0.09926515298346109,
  "((2, 2, 4, 2, 1, 2), 'STAY')": -0.08464445510181083,
  "((2, 2, 4, 2, 1, 2), 'DOWN')": -0.09449271363583295,
  "((2, 2, 4, 2, 1, 2), 'UP')": -0.09301899816582193,
  "((2, 2, 3, 3, 1, 1), 'DOWN')": -0.10288811266841554,
  "((2, 2, 3, 3, 1, 1), 'STAY')": -0.12214580469632308,
  "((2, 2, 3, 3, 1, 1), 'UP')": -0.10265506805002882,
  "((2, 2, 4, 2, 1, 1), 'DOWN')": -0.12359362744303234,
  "((2, 2, 4, 2, 1, 1), 'UP')": -0.1280671187901257,
  "((2, 2, 4, 2, 1, 1), 'STAY')": -0.1224655986014492,
  "((3, 2, 4, 3, 2, 1), 'UP')": 0.22837302477940746,
  "((3, 2, 4, 3, 2, 1), 'STAY')": 0.32474400135037884,
  "((3, 2, 4, 3, 2, 1), 'DOWN')": 0.28793212484365655,
  "((3, 2, 4, 2, 1, 1), 'UP')": -0.12444094629153406,
  "((3, 2, 4, 2, 1, 1), 'DOWN')": -0.12627549726655998,
  "((3, 2, 4, 2, 1, 1), 'STAY')": -0.12013103050113777,
  "((3, 2, 3, 3, 1, 1), 'STAY')": -0.12153116958661507,
  "((3, 2, 3, 3, 1, 1), 'UP')": -0.1153824594135536,
  "((3, 2, 3, 3, 1, 1), 'DOWN')": -0.12381975241394544,
  "((2, 2, 4, 3, 1, 2), 'UP')": -0.024058624246735865,
  "((2, 2, 4, 3, 1, 2), 'DOWN')": -0.02456685808628703,
  "((2, 2, 4, 3, 1, 2), 'STAY')": -0.02735678807793368,
  "((3, 2, 4, 3, 2, 2), 'STAY')": 0.4419457356731356,
  "((3, 2, 4, 3, 2, 2), 'DOWN')": 0.2181147730630642,
  "((3, 2, 4, 3, 2, 2), 'UP')": 0.12420139141388048,
  "((3, 2, 4, 3, 1, 2), 'STAY')": -0.005133161532045152,
  "((3, 2, 4, 3, 1, 2), 'UP')": -0.009887203440692136,
  "((3, 2, 4, 3, 1, 2), 'DOWN')": -0.0029640916142769725,
  "((3, 2, 3, 1, 2, 1), 'DOWN')": 0.014260817363700693
}