{
  "((2, 2, 2, 2, 1, 1), 'STAY')": -0.37176156168456187,
  "((2, 2, 2, 2, 1, 1), 'DOWN')": -0.3861935680164176,
  "((2, 2, 2, 2, 1, 1), 'UP')": -0.36092770471313557,
  "((2, 2, 2, 2, 1, 2), 'UP')": -0.3178397118570469,
  "((2, 2, 2, 2, 1, 2), 'DOWN')": -0.3723789691502756,
  "((2, 2, 2, 2, 1, 2), 'STAY')": -0.2758736400020193,
  "((2, 2, 3, 2, 1, 2), 'STAY')": -0.1680682556022404,
  "((2, 2, 3, 2, 1, 2), 'UP')": -0.1538301883049862,
  "((2, 2, 3, 2, 1, 2), 'DOWN')": -0.16352325950353552,
  "((2, 2, 3, 2, 1, 1), 'STAY')": -0.20106242272626296,
  "((2, 2, 3, 2, 1, 1), 'UP')": -0.1720130623910558,
  "((2, 2, 3, 2, 1, 1), 'DOWN')": -0.21227051414173545,
  "((2, 2, 2, 2, 2, 1), 'UP')": -0.01140241374025561,
  "((2, 2, 2, 2, 2, 1), 'STAY')": -0.011481919724328847,
  "((2, 2, 2, 2, 2, 1), 'DOWN')": -0.01115241721540489,
  "((2, 2, 2, 2, 2, 2), 'UP')": -0.0003408447108947178,
  "((2, 2, 2, 2, 2, 2), 'DOWN')": -8.88556199347795e-05,
  "((2, 2, 2, 2, 2, 2), 'STAY')": -0.0003059020034924176,
  "((2, 2, 3, 2, 2, 2), 'UP')": -0.019943971128167846,
  "((2, 2, 3, 2, 2, 2), 'STAY')": -0.020633355578850897,
  "((2, 2, 3, 2, 2, 2), 'DOWN')": -0.016956575463559748,
  "((2, 2, 3, 3, 2, 2), 'STAY')": 0.0030357564799965786,
  "((2, 2, 3, 3, 2, 2), 'UP')": 0.008270299325376197,
  "((2, 2, 3, 3, 2, 2), 'DOWN')": 0.003107658920695228,
  "((2, 2, 3, 3, 2, 1), 'UP')": 0.06330574309717163,
  "((2, 2, 3, 3, 2, 1), 'DOWN')": 0.060844659139121064,
  "((2, 2, 3, 3, 2, 1), 'STAY')": 0.0603515978909825,
  "((2, 2, 3, 2, 2, 1), 'DOWN')": -0.02389692016453898,
  "((2, 2, 3, 2, 2, 1), 'UP')": -0.025543482049974555,
  "((2, 2, 3, 2, 2, 1), 'STAY')": -0.026264751075330914,
  "((2, 2, 4, 3, 2, 2), 'UP')": 0.11267128531628988,
  "((2, 2, 4, 3, 2, 2), 'DOWN')": 0.1149632951672946,
  "((2, 2, 4, 3, 2, 2), 'STAY')": 0.11060584406822024,
  "((2, 2, 4, 3, 2, 1), 'STAY')": 0.3285316481266788,
  "((2, 2, 4, 3, 2, 1), 'UP')": 0.3030970243838244,
  "((2, 2, 4, 3, 2, 1), 'DOWN')": 0.3125382450420385,
  "((3, 2, 2, 2, 1, 1), 'DOWN')": -0.42758951935497697,
  "((3, 2, 2, 2, 1, 1), 'STAY')": -0.4022623337988507,
  "((3, 2, 2, 2, 1, 1), 'UP')": -0.35998401157567755,
  "((3, 2, 3, 2, 1, 2), 'DOWN')": -0.1646823434781293,
  "((3, 2, 3, 2, 1, 2), 'STAY')": -0.16262333924486688,
  "((3, 2, 3, 2, 1, 2), 'UP')": -0.15684112622137425,
  "((3, 2, 3, 3, 1, 2), 'STAY')": -0.03976438594084361,
  "((3, 2, 3, 3, 1, 2), 'DOWN')": -0.037352685958012215,
  "((3, 2, 3, 3, 1, 2), 'UP')": -0.03986699045289993,
  "((3, 2, 2, 3, 1, 2), 'STAY')": -0.07013288189178632,
  "((3, 2, 2, 3, 1, 2), 'DOWN')": -0.02746825162265528,
  "((3, 2, 2, 3, 1, 2), 'UP')": -0.10001562812764274,
  "((3, 2, 2, 3, 1, 1), 'DOWN')": -0.23200530860122343,
  "((3, 2, 2, 3, 1, 1), 'UP')": -0.21862622126407405,
  "((3, 2, 2, 3, 1, 1), 'STAY')": -0.05226062777482235,
  "((2, 2, 4, 2, 2, 2), 'DOWN')": -0.09827804533107541,
  "((2, 2, 4, 2, 2, 2), 'UP')": -0.09793598574249575,
  "((2, 2, 4, 2, 2, 2), 'STAY')": -0.09701588342119738,
  "((3, 2, 3, 2, 1, 1), 'STAY')": -0.21217733033675076,
  "((3, 2, 3, 2, 1, 1), 'UP')": -0.18734053756934405,
  "((2, 2, 2, 3, 1, 2), 'STAY')": -0.23783150440596024,
  "((2, 2, 2, 3, 1, 2), 'DOWN')": -0.17137068196495192,
  "((2, 2, 2, 3, 1, 2), 'UP')": -0.21335367808372774,
  "((2, 2, 2, 3, 2, 2), 'STAY')": 0.008557111844237476,
  "((2, 2, 2, 3, 2, 2), 'UP')": 0.00845007949526048,
  "((2, 2, 4, 2, 2, 1), 'STAY')": -0.10998756682490982,
  "((2, 2, 4, 2, 2, 1), 'UP')": -0.10951065351863208,
  "((2, 2, 4, 2, 2, 1), 'DOWN')": -0.10792909454540056,
  "((2, 2, 3, 3, 1, 2), 'STAY')": -0.1100464181639937,
  "((2, 2, 3, 3, 1, 2), 'UP')": -0.11562043843249656,
  "((2, 2, 3, 3, 1, 2), 'DOWN')": -0.06825291725597445,
  "((2, 2, 2, 3, 1, 1), 'UP')": -0.3471948180604761,
  "((2, 2, 2, 3, 1, 1), 'DOWN')": -0.45972835890689495,
  "((2, 2, 2, 3, 1, 1), 'STAY')": -0.4179837043661102,
  "((3, 2, 3, 2, 2, 2), 'DOWN')": -0.019644497774825322,
  "((3, 2, 3, 2, 2, 2), 'UP')": -0.016915833571743442,
  "((3, 2, 3, 2, 2, 2), 'STAY')": -0.017807382210699933,
  "((3, 2, 3, 3, 2, 2), 'DOWN')": 0.009956908320390614,
  "((3, 2, 3, 3, 2, 2), 'STAY')": 0.006272460836931603,
  "((3, 2, 3, 3, 2, 2), 'UP')": 0.005138317040690637,
  "((3, 2, 3, 3, 2, 1), 'UP')": 0.09037513132394681,
  "((3, 2, 3, 3, 2, 1), 'DOWN')": 0.09259323754995873,
  "((3, 2, 3, 3, 2, 1), 'STAY')": 0.09084086824459872,
  "((3, 2, 3, 2, 2, 1), 'UP')": -0.023527428719192247,
  "((3, 2, 3, 2, 2, 1), 'STAY')": -0.02854106822074618,
  "((3, 2, 4, 2, 2, 1), 'DOWN')": -0.11556406616170038,
  "((3, 2, 4, 2, 2, 1), 'UP')": -0.1137327530487186,
  "((3, 2, 4, 2, 2, 1), 'STAY')": -0.1149274100513113,
  "((3, 2, 4, 2, 1, 2), 'STAY')": -0.15009248005415413,
  "((3, 2, 4, 2, 1, 2), 'DOWN')": -0.1499616161979994,
  "((3, 2, 4, 2, 1, 2), 'UP')": -0.15245574164035094,
  "((3, 2, 2, 2, 2, 2), 'UP')": -0.001379885433839604,
  "((3, 2, 2, 2, 2, 2), 'DOWN')": -0.0009825671280414092,
  "((3, 2, 2, 2, 2, 2), 'STAY')": -0.0012364626461474474,
  "((3, 2, 3, 2, 2, 1), 'DOWN')": -0.023886672810508148,
  "((3, 2, 4, 2, 2, 2), 'UP')": -0.09248348467630098,
  "((3, 2, 4, 2, 2, 2), 'STAY')": -0.09510652095770646,
  "((3, 2, 4, 2, 2, 2), 'DOWN')": -0.09464454176274602,
  "((3, 2, 2, 2, 1, 2), 'STAY')": -0.34252423027239814,
  "((3, 2, 2, 2, 1, 2), 'DOWN')": -0.3385930465879019,
  "((3, 2, 2, 2, 1, 2), 'UP')": -0.31025512774214076,
  "((3, 2, 2, 3, 2, 2), 'DOWN')": 0.039707095235610716,
  "((3, 2, 2, 3, 2, 2), 'STAY')": 0.04048303001849759,
  "((3, 2, 2, 3, 2, 2), 'UP')": 0.04073044051207875,
  "((3, 2, 2, 3, 2, 1), 'STAY')": 0.07705489836896413,
  "((3, 2, 2, 3, 2, 1), 'DOWN')": 0.0779078297169665,
  "((3, 2, 2, 3, 2, 1), 'UP')": 0.07525802950935563,
  "((3, 2, 3, 2, 1, 1), 'DOWN')": -0.21514650056876305,
  "((3, 2, 2, 2, 2, 1), 'DOWN')": -0.009171700443770157,
  "((3, 2, 2, 2, 2, 1), 'STAY')": -0.011122304935390103,
  "((3, 2, 2, 2, 2, 1), 'UP')": -0.011195862845994912,
  "((2, 2, 2, 3, 2, 2), 'DOWN')": 0.008087403061935028,
  "((2, 2, 2, 3, 2, 1), 'UP')": 0.08587112198280825,
  "((2, 2, 2, 3, 2, 1), 'DOWN')": 0.09324398875065243,
  "((2, 2, 2, 3, 2, 1), 'STAY')": 0.09178700558364758,
  "((2, 2, 4, 2, 1, 2), 'STAY')": -0.15302237963838858,
  "((2, 2, 4, 2, 1, 2), 'DOWN')": -0.14882841665341376,
  "((2, 2, 4, 2, 1, 2), 'UP')": -0.1525838761797702,
  "((2, 2, 3, 3, 1, 1), 'DOWN')": -0.09255428110582671,
  "((2, 2, 3, 3, 1, 1), 'STAY')": -0.11177658025782267,
  "((2, 2, 3, 3, 1, 1), 'UP')": -0.07846281280895091,
  "((2, 2, 4, 2, 1, 1), 'DOWN')": -0.1759342634014677,
  "((2, 2, 4, 2, 1, 1), 'UP')": -0.17570580534916225,
  "((2, 2, 4, 2, 1, 1), 'STAY')": -0.17661879604814337,
  "((3, 2, 4, 3, 2, 1), 'UP')": 0.22837302477940746,
  "((3, 2, 4, 3, 2, 1), 'STAY')": 0.29099820440432056,
  "((3, 2, 4, 3, 2, 1), 'DOWN')": 0.26826711705336453,
  "((3, 2, 4, 2, 1, 1), 'UP')": -0.17380935178572374,
  "((3, 2, 4, 2, 1, 1), 'DOWN')": -0.16635709925183662,
  "((3, 2, 4, 2, 1, 1), 'STAY')": -0.17449473484424896,
  "((3, 2, 3, 3, 1, 1), 'STAY')": -0.11955583234083446,
  "((3, 2, 3, 3, 1, 1), 'UP')": -0.09634111807652931,
  "((3, 2, 3, 3, 1, 1), 'DOWN')": -0.12085993058551958,
  "((2, 2, 4, 3, 1, 2), 'UP')": -0.023786711001352632,
  "((2, 2, 4, 3, 1, 2), 'DOWN')": -0.025328779839848718,
  "((2, 2, 4, 3, 1, 2), 'STAY')": -0.028020905538083687,
  "((3, 2, 4, 3, 2, 2), 'STAY')": 0.12406442649365369,
  "((3, 2, 4, 3, 2, 2), 'DOWN')": 0.11785712863394673,
  "((3, 2, 4, 3, 2, 2), 'UP')": 0.12001418702056935,
  "((3, 2, 4, 3, 1, 2), 'STAY')": -0.0059996916693205084,
  "((3, 2, 4, 3, 1, 2), 'UP')": -0.009160996608180068,
  "((3, 2, 4, 3, 1, 2), 'DOWN')": -0.005775981844390797,
  "((3, 2, 3, 1, 2, 1), 'DOWN')": 0.014260817363700693,
  "((2, 3, 2, 3, 1, 2), 'DOWN')": -0.30409183995649514,
  "((2, 3, 2, 3, 1, 2), 'STAY')": -0.3314860209449312,
  "((2, 3, 2, 3, 1, 2), 'UP')": -0.3211238649069876,
  "((2, 3, 3, 2, 1, 1), 'UP')": -0.17811155058828274,
  "((2, 3, 3, 2, 1, 1), 'DOWN')": -0.1752373905609942,