{
  "state_vars": [
    "paddleA_y",
    "paddleB_y",
    "ball_x",
    "ball_y",
    "ball_vx",
    "ball_vy"
  ],
  "actions": [
    "UP",
    "DOWN",
    "STAY"
  ],
  "W": [
    [
      0.002099928509795861,
      -0.0029813697206508617,
      -1.8473615761387587,
      -0.5914351100715104,
      -0.5041148540293366,
      -0.049946606432040824
    ],
    [
      -0.005291818981098136,
      0.006008617008143569,
      0.5097981871947697,
      -0.5174406211374739,
      0.11233438860922984,
      0.17742479054320132
    ],
    [
      0.0060595962389347995,
      -0.015093117986574114,
      1.3150213821942338,
      1.0883217056657075,
      0.39265157401168294,
      -0.1272194378801001
    ]
  ],
  "b": [
    0.15775409072813656,
    -2.1460713437981895,
    1.9883172530701456
  ]
}